,0,1,2,3,4,5
2017-01-31,104.5300064086914,105.06459045410156,122.88887786865234,103.14016723632812,101.4965591430664,107.5433578491211
2017-02-28,105.90599822998047,123.45333862304688,109.19034576416016,99.97899627685547,114.90509033203125,106.07746887207031
2017-03-31,127.0155258178711,111.64447784423828,107.68632507324219,114.78336334228516,115.56761169433594,96.81348419189453
2017-04-30,111.03517150878906,106.84548950195312,119.65709686279297,111.47991180419922,101.78712463378906,108.9569320678711
2017-05-31,101.25439453125,113.27481079101562,111.18797302246094,93.98136901855469,109.01710510253906,99.81796264648438
2017-06-30,118.4347915649414,116.0003433227539,103.27135467529297,111.51636505126953,110.47066497802734,108.78333282470703
2017-07-31,112.41117858886719,100.03326416015625,113.87503814697266,104.5679702758789,110.98380279541016,112.54447174072266
2017-08-31,95.21151733398438,108.33948516845703,104.95173645019531,104.04424285888672,113.07137298583984,99.84475708007812
2017-09-30,112.00121307373047,108.29631042480469,113.3453369140625,115.02110290527344,109.34362030029297,104.56221771240234
2017-10-31,108.28694915771484,113.15750122070312,121.29727172851562,107.25155639648438,110.47612762451172,120.8594970703125
2017-11-30,110.01871490478516,117.5506591796875,109.93257904052734,105.7464599609375,124.48898315429688,101.84015655517578
2017-12-31,124.23316192626953,115.81478881835938,117.25796508789062,128.3872833251953,113.97923278808594,107.76242065429688
2018-01-31,111.99860382080078,113.34029388427734,131.0305633544922,107.82875061035156,110.19182586669922,113.209716796875
2018-02-28,116.57787322998047,134.31564331054688,116.54851531982422,110.82701110839844,123.79920196533203,113.65373992919922
2018-03-31,132.93296813964844,114.85576629638672,114.98937225341797,119.04840087890625,118.67709350585938,102.81138610839844
2018-04-30,113.09025573730469,113.3899917602539,123.24099731445312,114.02127075195312,106.76940155029297,113.43872833251953
2018-05-31,111.0674057006836,120.43428802490234,117.92862701416016,102.86656951904297,117.83808898925781,106.51643371582031
2018-06-30,120.02120208740234,117.08741760253906,107.46173858642578,114.7337417602539,111.89985656738281,113.84040069580078
2018-07-31,117.27430725097656,107.50343322753906,121.15218353271484,110.17797088623047,120.63053131103516,118.16050720214844
2018-08-31,103.63874053955078,116.37630462646484,111.74457550048828,114.22551727294922,120.2423095703125,108.63607025146484
2018-09-30,115.64642333984375,110.80854034423828,119.42131805419922,117.65959167480469,114.25552368164062,107.4868392944336
2018-10-31,110.85701751708984,119.0340576171875,123.96733093261719,112.32379150390625,113.83525085449219,124.29015350341797
2018-11-30,121.4552001953125,125.70511627197266,120.4060287475586,114.08809661865234,134.4928436279297,109.561279296875
2018-12-31,124.80198669433594,118.8104019165039,118.73318481445312,130.16720581054688,114.98661041259766,109.18107604980469
2019-01-31,110.4583740234375,109.99959564208984,127.20144653320312,104.78567504882812,107.0506820678711,110.45207214355469
2019-02-28,112.99776458740234,130.05870056152344,113.22142028808594,108.2736587524414,120.49586486816406,109.04474639892578
2019-03-31,123.39501953125,106.49329376220703,107.8050308227539,112.28724670410156,108.95819091796875,95.79855346679688
2019-04-30,100.96126556396484,101.55797576904297,111.44212341308594,102.0237045288086,95.65091705322266,101.90851593017578
2019-05-31,101.18141174316406,110.14871215820312,106.728759765625,94.36300659179688,107.46183013916016,97.96556091308594
2019-06-30,111.77523803710938,107.11963653564453,100.31710815429688,107.57317352294922,105.4269790649414,105.4582748413086
2019-07-31,103.7117691040039,95.8278579711914,108.83634948730469,100.3502426147461,108.18523406982422,102.99079132080078
2019-08-31,98.24180603027344,110.43318939208984,107.14617919921875,108.43305969238281,111.6054916381836,104.56948852539062
2019-09-30,104.92566680908203,101.1605453491211,108.20708465576172,104.3232650756836,105.13037872314453,95.51715087890625
2019-10-31,105.24391174316406,111.44194030761719,113.44505310058594,107.42224884033203,105.77986145019531,114.80207824707031
2019-11-30,110.3698501586914,110.88386535644531,110.84091186523438,102.12820434570312,120.24118041992188,99.53495788574219
2019-12-31,105.53843688964844,104.77721405029297,101.25611114501953,111.52360534667969,99.75828552246094,95.29723358154297
2020-01-31,103.84893798828125,99.57056427001953,116.05428314208984,97.46173858642578,100.40459442138672,101.0950927734375
2020-02-29,105.22786712646484,121.20973205566406,107.38370513916016,103.47936248779297,113.25438690185547,104.49784851074219
2020-03-31,117.48603057861328,103.058349609375,104.89533233642578,107.164794921875,107.06035614013672,91.0205307006836
2020-04-30,94.88738250732422,95.94085693359375,103.09273529052734,96.38610076904297,88.10579681396484,97.16206359863281
2020-05-31,80.54714965820312,86.44444274902344,85.3053207397461,73.80364227294922,85.61692810058594,76.9990005493164
2020-06-30,83.90042877197266,82.40584564208984,75.41471099853516,84.02948760986328,79.11966705322266,78.60152435302734
2020-07-31,84.9194564819336,76.3795394897461,90.41800689697266,82.07074737548828,85.82664489746094,83.26505279541016
2020-08-31,79.9585189819336,92.97899627685547,88.76348876953125,88.71870422363281,92.2357177734375,87.98649597167969
2020-09-30,97.89895629882812,91.89567565917969,97.22079467773438,95.18037414550781,99.25867462158203,86.4349365234375
2020-10-31,94.67833709716797,98.31919860839844,101.81633758544922,98.58211517333984,95.1208267211914,100.45020294189453
2020-11-30,107.80415344238281,109.90477752685547,112.13994598388672,100.02555084228516,117.47886657714844,93.11429595947266
2020-12-31,112.03958129882812,113.30657958984375,105.7004623413086,113.96746826171875,99.85868072509766,101.32035827636719
2021-01-31,116.3490982055664,108.67889404296875,122.30423736572266,98.38512420654297,109.963134765625,112.41915893554688
2021-02-28,105.1368637084961,118.36254119873047,100.21408081054688,102.37169647216797,115.38114166259766,106.18717193603516
2021-03-31,124.58648681640625,105.27208709716797,113.30485534667969,117.0000991821289,118.75923156738281,100.90515899658203
2021-04-30,114.3554916381836,122.75930786132812,134.1027069091797,123.7959976196289,115.95225524902344,126.44654846191406
2021-05-31,124.58647918701172,136.35398864746094,132.9256134033203,112.91744232177734,134.85284423828125,123.87881469726562
2021-06-30,130.17234802246094,128.12718200683594,115.23967742919922,124.80204772949219,124.64624786376953,120.41567993164062
2021-07-31,128.79205322265625,117.21549987792969,134.53773498535156,122.3324966430664,128.07363891601562,125.87916564941406
2021-08-31,116.56099700927734,135.12351989746094,130.4273223876953,125.31758117675781,132.448486328125,124.81688690185547
2021-09-30,135.5509033203125,132.14987182617188,133.7689666748047,130.39093017578125,132.0158233642578,121.41790771484375
2021-10-31,143.42703247070312,146.47840881347656,150.61416625976562,140.49029541015625,140.28053283691406,151.18556213378906
2021-11-30,135.32919311523438,140.03599548339844,138.24290466308594,126.21733856201172,147.9016571044922,115.70931243896484
2021-12-31,138.55572509765625,137.47982788085938,132.55194091796875,143.3469696044922,121.64289855957031,121.59751892089844
2022-01-31,138.13528442382812,133.78225708007812,152.83563232421875,119.62803649902344,128.8888702392578,137.04440307617188
2022-02-28,131.1717529296875,150.87974548339844,124.42073059082031,124.65750885009766,141.6371612548828,131.78408813476562
2022-03-31,143.6132049560547,118.81915283203125,125.76314544677734,133.4167022705078,132.8594207763672,113.95927429199219
2022-04-30,120.1951675415039,127.45918273925781,142.27587890625,132.22203063964844,122.2157211303711,137.02931213378906
2022-05-31,130.08865356445312,145.11984252929688,142.91265869140625,122.97623443603516,149.220458984375,127.94056701660156
2022-06-30,145.10824584960938,141.9610137939453,129.08099365234375,145.6466064453125,135.54132080078125,134.41163635253906
2022-07-31,134.24656677246094,121.955322265625,144.7261199951172,125.2952880859375,133.83810424804688,131.3800048828125
2022-08-31,113.6706771850586,135.39230346679688,123.56159210205078,123.26708984375,129.40646362304688,120.4851303100586
2022-09-30,140.7216033935547,127.90254974365234,135.31898498535156,133.7891387939453,133.75865173339844,119.97574615478516
2022-10-31,123.07815551757812,129.0045623779297,134.57423400878906,126.18511962890625,121.80332946777344,134.5135498046875
2022-11-30,127.31909942626953,132.16244506835938,130.32444763183594,118.42388916015625,140.6170196533203,110.06436920166016
2022-12-31,131.0157012939453,128.3472900390625,123.44984436035156,137.2164764404297,116.060791015625,114.14097595214844
2023-01-31,131.0175018310547,124.834716796875,146.8280487060547,116.18170166015625,124.1278076171875,127.56002807617188
2023-02-28,123.90158081054688,144.17312622070312,120.5738525390625,120.26936340332031,134.24974060058594,123.31288146972656
2023-03-31,142.20716857910156,118.30944061279297,123.93325805664062,129.09568786621094,128.3317413330078,114.65283203125
2023-04-30,119.32845306396484,124.59207153320312,137.07022094726562,127.10786437988281,123.19290924072266,132.7343292236328
2023-05-31,117.19741821289062,127.74131774902344,125.2431640625,113.22808074951172,132.277587890625,114.5593032836914
2023-06-30,129.08790588378906,125.54003143310547,119.47435760498047,130.8625030517578,122.67057800292969,121.22504425048828
2023-07-31,128.13352966308594,121.08853912353516,139.97666931152344,122.40204620361328,130.90635681152344,129.55638122558594
2023-08-31,111.59423065185547,128.08946228027344,118.36206817626953,118.64936828613281,126.18639373779297,115.48584747314453
2023-09-30,125.94233703613281,115.59162902832031,122.19850158691406,122.11239624023438,120.42877960205078,108.11676788330078
